{
    "name": "root",
    "metadata": {
        "timer_format_version": "0.1.0",
        "start_time_seconds": "1668568048",
        "python_version": "3.8.10 (tags/v3.8.10:3d8993a, May  3 2021, 11:48:03) [MSC v.1928 64 bit (AMD64)]",
        "command_line_arguments": "C:\\Unity\\AI_Parking\\AI-Parking-Unity\\Parking Environment\\venv\\Scripts\\mlagents-learn parking_params.yaml --run-id=demo_Brain1 --force",
        "mlagents_version": "0.28.0",
        "mlagents_envs_version": "0.28.0",
        "communication_protocol_version": "1.5.0",
        "pytorch_version": "1.7.1+cpu",
        "numpy_version": "1.23.4",
        "end_time_seconds": "1668604071"
    },
    "total": 36022.6200704,
    "count": 1,
    "self": 0.005765299996710382,
    "children": {
        "run_training.setup": {
            "total": 0.10083770000000003,
            "count": 1,
            "self": 0.10083770000000003
        },
        "TrainerController.start_learning": {
            "total": 36022.5134674,
            "count": 1,
            "self": 58.925603199480975,
            "children": {
                "TrainerController._reset_env": {
                    "total": 6.6064172,
                    "count": 1,
                    "self": 6.6064172
                },
                "TrainerController.advance": {
                    "total": 35956.90986040053,
                    "count": 2065865,
                    "self": 29.999473507195944,
                    "children": {
                        "env_step": {
                            "total": 35926.91038689333,
                            "count": 2065865,
                            "self": 28384.271132900107,
                            "children": {
                                "SubprocessEnvManager._take_step": {
                                    "total": 7515.0490574959385,
                                    "count": 2065865,
                                    "self": 164.09737159545148,
                                    "children": {
                                        "TorchPolicy.evaluate": {
                                            "total": 7350.951685900487,
                                            "count": 2065865,
                                            "self": 1719.114905704404,
                                            "children": {
                                                "TorchPolicy.sample_actions": {
                                                    "total": 5631.836780196083,
                                                    "count": 2065865,
                                                    "self": 5631.836780196083
                                                }
                                            }
                                        }
                                    }
                                },
                                "workers": {
                                    "total": 27.590196497285426,
                                    "count": 2065864,
                                    "self": 0.0,
                                    "children": {
                                        "worker_root": {
                                            "total": 35957.616352101686,
                                            "count": 2065864,
                                            "is_parallel": true,
                                            "self": 25086.27297430102,
                                            "children": {
                                                "steps_from_proto": {
                                                    "total": 0.00037930000000052644,
                                                    "count": 1,
                                                    "is_parallel": true,
                                                    "self": 0.00011289999999952727,
                                                    "children": {
                                                        "_process_rank_one_or_two_observation": {
                                                            "total": 0.00026640000000099917,
                                                            "count": 4,
                                                            "is_parallel": true,
                                                            "self": 0.00026640000000099917
                                                        }
                                                    }
                                                },
                                                "UnityEnvironment.step": {
                                                    "total": 10871.342998500664,
                                                    "count": 2065864,
                                                    "is_parallel": true,
                                                    "self": 505.7642969023291,
                                                    "children": {
                                                        "UnityEnvironment._generate_step_input": {
                                                            "total": 766.6742487985458,
                                                            "count": 2065864,
                                                            "is_parallel": true,
                                                            "self": 766.6742487985458
                                                        },
                                                        "communicator.exchange": {
                                                            "total": 8588.770443800666,
                                                            "count": 2065864,
                                                            "is_parallel": true,
                                                            "self": 8588.770443800666
                                                        },
                                                        "steps_from_proto": {
                                                            "total": 1010.1340089991219,
                                                            "count": 2065864,
                                                            "is_parallel": true,
                                                            "self": 259.6567745956546,
                                                            "children": {
                                                                "_process_rank_one_or_two_observation": {
                                                                    "total": 750.4772344034673,
                                                                    "count": 8263456,
                                                                    "is_parallel": true,
                                                                    "self": 750.4772344034673
                                                                }
                                                            }
                                                        }
                                                    }
                                                }
                                            }
                                        }
                                    }
                                }
                            }
                        }
                    }
                },
                "TrainerController._save_models": {
                    "total": 0.07158659999549855,
                    "count": 1,
                    "self": 0.0185187999959453,
                    "children": {
                        "RLTrainer._checkpoint": {
                            "total": 0.053067799999553245,
                            "count": 1,
                            "self": 0.053067799999553245
                        }
                    }
                }
            }
        }
    }
}