{
    "name": "root",
    "metadata": {
        "timer_format_version": "0.1.0",
        "start_time_seconds": "1669513862",
        "python_version": "3.8.10 (tags/v3.8.10:3d8993a, May  3 2021, 11:48:03) [MSC v.1928 64 bit (AMD64)]",
        "command_line_arguments": "C:\\Unity\\RL_Workspace\\AI-Parking-Unity\\Parking Environment\\venv\\Scripts\\mlagents-learn parking_params.yaml --initialize-from=Build_1126 --run-id=Parallel_Parking00 --num-envs=3 --env=Build --no-graphics --force",
        "mlagents_version": "0.28.0",
        "mlagents_envs_version": "0.28.0",
        "communication_protocol_version": "1.5.0",
        "pytorch_version": "1.7.1+cu110",
        "numpy_version": "1.23.4",
        "end_time_seconds": "1669513873"
    },
    "total": 10.4516145,
    "count": 1,
    "self": 0.4673507000000008,
    "children": {
        "run_training.setup": {
            "total": 0.21976190000000018,
            "count": 1,
            "self": 0.21976190000000018
        },
        "TrainerController.start_learning": {
            "total": 9.764501899999999,
            "count": 1,
            "self": 0.00015419999999899403,
            "children": {
                "TrainerController._reset_env": {
                    "total": 9.7245977,
                    "count": 1,
                    "self": 2.0420207,
                    "children": {
                        "demo_to_buffer": {
                            "total": 7.682577,
                            "count": 1,
                            "self": 9.529999999990935e-05,
                            "children": {
                                "load_demonstration": {
                                    "total": 0.17864340000000034,
                                    "count": 1,
                                    "self": 0.17578640000000023,
                                    "children": {
                                        "read_file": {
                                            "total": 0.0028570000000001095,
                                            "count": 1,
                                            "self": 0.0028570000000001095
                                        }
                                    }
                                },
                                "make_demo_buffer": {
                                    "total": 7.5038383,
                                    "count": 1,
                                    "self": 1.3187824000000345,
                                    "children": {
                                        "steps_from_proto": {
                                            "total": 6.185055899999965,
                                            "count": 38432,
                                            "self": 3.212999099999912,
                                            "children": {
                                                "_process_rank_one_or_two_observation": {
                                                    "total": 2.9720568000000536,
                                                    "count": 153728,
                                                    "self": 2.9720568000000536
                                                }
                                            }
                                        }
                                    }
                                }
                            }
                        }
                    }
                },
                "TrainerController._save_models": {
                    "total": 0.03974999999999973,
                    "count": 1,
                    "self": 0.00027260000000062234,
                    "children": {
                        "RLTrainer._checkpoint": {
                            "total": 0.03947739999999911,
                            "count": 1,
                            "self": 0.03947739999999911
                        }
                    }
                }
            }
        }
    }
}