{
    "name": "root",
    "metadata": {
        "timer_format_version": "0.1.0",
        "start_time_seconds": "1668470340",
        "python_version": "3.8.10 (tags/v3.8.10:3d8993a, May  3 2021, 11:48:03) [MSC v.1928 64 bit (AMD64)]",
        "command_line_arguments": "C:\\Unity\\AI_Parking\\AI-Parking-Unity\\Parking Environment\\venv\\Scripts\\mlagents-learn parking_params.yaml --run-id=New_Brain",
        "mlagents_version": "0.28.0",
        "mlagents_envs_version": "0.28.0",
        "communication_protocol_version": "1.5.0",
        "pytorch_version": "1.7.1+cpu",
        "numpy_version": "1.23.4",
        "end_time_seconds": "1668474483"
    },
    "total": 4143.466697700001,
    "count": 1,
    "self": 0.005751700000473647,
    "children": {
        "run_training.setup": {
            "total": 0.09885009999999994,
            "count": 1,
            "self": 0.09885009999999994
        },
        "TrainerController.start_learning": {
            "total": 4143.3620959,
            "count": 1,
            "self": 7.869802900154355,
            "children": {
                "TrainerController._reset_env": {
                    "total": 7.190777399999999,
                    "count": 1,
                    "self": 7.190777399999999
                },
                "TrainerController.advance": {
                    "total": 4128.222825999846,
                    "count": 243621,
                    "self": 3.3604228998801773,
                    "children": {
                        "env_step": {
                            "total": 4124.862403099965,
                            "count": 243621,
                            "self": 3140.10489530002,
                            "children": {
                                "SubprocessEnvManager._take_step": {
                                    "total": 981.3429540999616,
                                    "count": 243621,
                                    "self": 20.79365200004372,
                                    "children": {
                                        "TorchPolicy.evaluate": {
                                            "total": 960.5493020999179,
                                            "count": 243617,
                                            "self": 221.9762223999902,
                                            "children": {
                                                "TorchPolicy.sample_actions": {
                                                    "total": 738.5730796999277,
                                                    "count": 243617,
                                                    "self": 738.5730796999277
                                                }
                                            }
                                        }
                                    }
                                },
                                "workers": {
                                    "total": 3.414553699983875,
                                    "count": 243620,
                                    "self": 0.0,
                                    "children": {
                                        "worker_root": {
                                            "total": 4059.6761697999946,
                                            "count": 243620,
                                            "is_parallel": true,
                                            "self": 2634.0604128999566,
                                            "children": {
                                                "steps_from_proto": {
                                                    "total": 0.0004079999999992978,
                                                    "count": 1,
                                                    "is_parallel": true,
                                                    "self": 0.0001338999999989099,
                                                    "children": {
                                                        "_process_rank_one_or_two_observation": {
                                                            "total": 0.0002741000000003879,
                                                            "count": 4,
                                                            "is_parallel": true,
                                                            "self": 0.0002741000000003879
                                                        }
                                                    }
                                                },
                                                "UnityEnvironment.step": {
                                                    "total": 1425.6153489000376,
                                                    "count": 243620,
                                                    "is_parallel": true,
                                                    "self": 64.86600000004842,
                                                    "children": {
                                                        "UnityEnvironment._generate_step_input": {
                                                            "total": 90.93932849999035,
                                                            "count": 243620,
                                                            "is_parallel": true,
                                                            "self": 90.93932849999035
                                                        },
                                                        "communicator.exchange": {
                                                            "total": 1139.984731299951,
                                                            "count": 243620,
                                                            "is_parallel": true,
                                                            "self": 1139.984731299951
                                                        },
                                                        "steps_from_proto": {
                                                            "total": 129.8252891000479,
                                                            "count": 243616,
                                                            "is_parallel": true,
                                                            "self": 31.118665000148724,
                                                            "children": {
                                                                "_process_rank_one_or_two_observation": {
                                                                    "total": 98.70662409989919,
                                                                    "count": 974464,
                                                                    "is_parallel": true,
                                                                    "self": 98.70662409989919
                                                                }
                                                            }
                                                        }
                                                    }
                                                }
                                            }
                                        }
                                    }
                                }
                            }
                        }
                    }
                },
                "TrainerController._save_models": {
                    "total": 0.0786895999999615,
                    "count": 1,
                    "self": 0.01831880000008823,
                    "children": {
                        "RLTrainer._checkpoint": {
                            "total": 0.06037079999987327,
                            "count": 1,
                            "self": 0.06037079999987327
                        }
                    }
                }
            }
        }
    }
}