{
    "name": "root",
    "gauges": {
        "MoveToGoal.Policy.Entropy.mean": {
            "value": -1.697086215019226,
            "min": -1.7007261514663696,
            "max": -0.5813484191894531,
            "count": 100
        },
        "MoveToGoal.Policy.Entropy.sum": {
            "value": -86118.640625,
            "min": -86305.046875,
            "max": -29196.986328125,
            "count": 100
        },
        "MoveToGoal.Step.mean": {
            "value": 4999959.0,
            "min": 49959.0,
            "max": 4999959.0,
            "count": 100
        },
        "MoveToGoal.Step.sum": {
            "value": 4999959.0,
            "min": 49959.0,
            "max": 4999959.0,
            "count": 100
        },
        "MoveToGoal.Policy.ExtrinsicValueEstimate.mean": {
            "value": 0.09146369248628616,
            "min": -0.07276298105716705,
            "max": 0.36865904927253723,
            "count": 100
        },
        "MoveToGoal.Policy.ExtrinsicValueEstimate.sum": {
            "value": 73.3538818359375,
            "min": -58.64696502685547,
            "max": 294.1899108886719,
            "count": 100
        },
        "MoveToGoal.Losses.PolicyLoss.mean": {
            "value": 0.2432434054310511,
            "min": 0.24084257963697947,
            "max": 0.250213507883963,
            "count": 100
        },
        "MoveToGoal.Losses.PolicyLoss.sum": {
            "value": 76.6216727107811,
            "min": 33.20770866539501,
            "max": 80.83694521506443,
            "count": 100
        },
        "MoveToGoal.Losses.ValueLoss.mean": {
            "value": 0.18442961645096,
            "min": 0.01970032109559535,
            "max": 0.2336134762610748,
            "count": 100
        },
        "MoveToGoal.Losses.ValueLoss.sum": {
            "value": 58.0953291820524,
            "min": 5.988897613060987,
            "max": 76.62522021363253,
            "count": 100
        },
        "MoveToGoal.Policy.LearningRate.mean": {
            "value": 1.4503557070574607e-06,
            "min": 1.4503557070574607e-06,
            "max": 0.00029827961527934406,
            "count": 100
        },
        "MoveToGoal.Policy.LearningRate.sum": {
            "value": 0.0004568620477231001,
            "min": 0.0004568620477231001,
            "max": 0.09383339180220332,
            "count": 100
        },
        "MoveToGoal.Policy.Epsilon.mean": {
            "value": 0.10048341873015874,
            "min": 0.10048341873015874,
            "max": 0.19942653823529413,
            "count": 100
        },
        "MoveToGoal.Policy.Epsilon.sum": {
            "value": 31.652276900000004,
            "min": 27.1220092,
            "max": 64.37779666,
            "count": 100
        },
        "MoveToGoal.Policy.Beta.mean": {
            "value": 0.0005000000000000001,
            "min": 0.0005,
            "max": 0.0005000000000000002,
            "count": 100
        },
        "MoveToGoal.Policy.Beta.sum": {
            "value": 0.15750000000000003,
            "min": 0.068,
            "max": 0.16550000000000004,
            "count": 100
        },
        "MoveToGoal.Environment.EpisodeLength.mean": {
            "value": 797.5098039215686,
            "min": 545.8571428571429,
            "max": 967.3111111111111,
            "count": 100
        },
        "MoveToGoal.Environment.EpisodeLength.sum": {
            "value": 40673.0,
            "min": 28924.0,
            "max": 46933.0,
            "count": 100
        },
        "MoveToGoal.Environment.CumulativeReward.mean": {
            "value": 1.3725490196078431,
            "min": -0.27450980392156865,
            "max": 2.116279069767442,
            "count": 100
        },
        "MoveToGoal.Environment.CumulativeReward.sum": {
            "value": 70.0,
            "min": -14.0,
            "max": 109.0,
            "count": 100
        },
        "MoveToGoal.Policy.ExtrinsicReward.mean": {
            "value": 1.3725490196078431,
            "min": -0.27450980392156865,
            "max": 2.116279069767442,
            "count": 100
        },
        "MoveToGoal.Policy.ExtrinsicReward.sum": {
            "value": 70.0,
            "min": -14.0,
            "max": 109.0,
            "count": 100
        },
        "MoveToGoal.IsTraining.mean": {
            "value": 1.0,
            "min": 1.0,
            "max": 1.0,
            "count": 100
        },
        "MoveToGoal.IsTraining.sum": {
            "value": 1.0,
            "min": 1.0,
            "max": 1.0,
            "count": 100
        }
    },
    "metadata": {
        "timer_format_version": "0.1.0",
        "start_time_seconds": "1668347979",
        "python_version": "3.8.10 (tags/v3.8.10:3d8993a, May  3 2021, 11:48:03) [MSC v.1928 64 bit (AMD64)]",
        "command_line_arguments": "C:\\Unity\\AI_Parking\\AI-Parking-Unity\\Parking Environment\\venv\\Scripts\\mlagents-learn moveToGoal.yaml --initialize-from=BrainID_Upgrade01 --run-id=BrainID_Upgrade02 --force",
        "mlagents_version": "0.28.0",
        "mlagents_envs_version": "0.28.0",
        "communication_protocol_version": "1.5.0",
        "pytorch_version": "1.7.1+cpu",
        "numpy_version": "1.23.4",
        "end_time_seconds": "1668355579"
    },
    "total": 7600.2838352,
    "count": 1,
    "self": 0.014666400000351132,
    "children": {
        "run_training.setup": {
            "total": 0.17149119999999973,
            "count": 1,
            "self": 0.17149119999999973
        },
        "TrainerController.start_learning": {
            "total": 7600.0976776,
            "count": 1,
            "self": 3.6474495000147726,
            "children": {
                "TrainerController._reset_env": {
                    "total": 20.3306483,
                    "count": 1,
                    "self": 20.3306483
                },
                "TrainerController.advance": {
                    "total": 7576.084578999986,
                    "count": 173760,
                    "self": 3.421280700159514,
                    "children": {
                        "env_step": {
                            "total": 1399.0847378000237,
                            "count": 173760,
                            "self": 1260.3552212999853,
                            "children": {
                                "SubprocessEnvManager._take_step": {
                                    "total": 136.68637190002832,
                                    "count": 173760,
                                    "self": 11.121713900052384,
                                    "children": {
                                        "TorchPolicy.evaluate": {
                                            "total": 125.56465799997594,
                                            "count": 173760,
                                            "self": 24.16317130006992,
                                            "children": {
                                                "TorchPolicy.sample_actions": {
                                                    "total": 101.40148669990602,
                                                    "count": 173760,
                                                    "self": 101.40148669990602
                                                }
                                            }
                                        }
                                    }
                                },
                                "workers": {
                                    "total": 2.043144600010237,
                                    "count": 173760,
                                    "self": 0.0,
                                    "children": {
                                        "worker_root": {
                                            "total": 7574.770800799983,
                                            "count": 173760,
                                            "is_parallel": true,