{
    "name": "root",
    "metadata": {
        "timer_format_version": "0.1.0",
        "start_time_seconds": "1667679650",
        "python_version": "3.8.10 (tags/v3.8.10:3d8993a, May  3 2021, 11:48:03) [MSC v.1928 64 bit (AMD64)]",
        "command_line_arguments": "C:\\Unity\\AI_Parking\\AI-Parking-Unity\\Parking Environment\\venv\\Scripts\\mlagents-learn trainer_settings.yaml --run-id=TutorialRun_SAC --quality-level=0 --force",
        "mlagents_version": "0.28.0",
        "mlagents_envs_version": "0.28.0",
        "communication_protocol_version": "1.5.0",
        "pytorch_version": "1.7.1+cpu",
        "numpy_version": "1.23.4",
        "end_time_seconds": "1667679696"
    },
    "total": 45.5950014,
    "count": 1,
    "self": 0.009678400000005638,
    "children": {
        "run_training.setup": {
            "total": 0.09769400000000006,
            "count": 1,
            "self": 0.09769400000000006
        },
        "TrainerController.start_learning": {
            "total": 45.487629,
            "count": 1,
            "self": 0.006001399999981061,
            "children": {
                "TrainerController._reset_env": {
                    "total": 11.0265283,
                    "count": 1,
                    "self": 6.753736199999999,
                    "children": {
                        "demo_to_buffer": {
                            "total": 4.272792100000002,
                            "count": 2,
                            "self": 0.00022080000000279654,
                            "children": {
                                "load_demonstration": {
                                    "total": 0.07822739999999939,
                                    "count": 2,
                                    "self": 0.07644649999999942,
                                    "children": {
                                        "read_file": {
                                            "total": 0.0017808999999999742,
                                            "count": 2,
                                            "self": 0.0017808999999999742
                                        }
                                    }
                                },
                                "make_demo_buffer": {
                                    "total": 4.1943439,
                                    "count": 2,
                                    "self": 0.7658866000000097,
                                    "children": {
                                        "steps_from_proto": {
                                            "total": 3.42845729999999,
                                            "count": 32620,
                                            "self": 1.7410968000001406,
                                            "children": {
                                                "_process_rank_one_or_two_observation": {
                                                    "total": 1.6873604999998495,
                                                    "count": 130480,
                                                    "self": 1.6873604999998495
                                                }
                                            }
                                        }
                                    }
                                }
                            }
                        }
                    }
                },
                "TrainerController.advance": {
                    "total": 34.34249840000001,
                    "count": 264,
                    "self": 0.004390600000022005,
                    "children": {
                        "env_step": {
                            "total": 3.2227653999999877,
                            "count": 264,
                            "self": 2.96504239999998,
                            "children": {
                                "SubprocessEnvManager._take_step": {
                                    "total": 0.2550777999999987,
                                    "count": 264,
                                    "self": 0.015793099999987348,
                                    "children": {
                                        "TorchPolicy.evaluate": {
                                            "total": 0.23928470000001134,
                                            "count": 264,
                                            "self": 0.030060600000044957,
                                            "children": {
                                                "TorchPolicy.sample_actions": {
                                                    "total": 0.20922409999996638,
                                                    "count": 264,
                                                    "self": 0.20922409999996638
                                                }
                                            }
                                        }
                                    }
                                },
                                "workers": {
                                    "total": 0.002645200000008785,
                                    "count": 264,
                                    "self": 0.0,
                                    "children": {
                                        "worker_root": {
                                            "total": 7.519770200000015,
                                            "count": 264,
                                            "is_parallel": true,
                                            "self": 4.969381100000032,
                                            "children": {
                                                "steps_from_proto": {
                                                    "total": 0.0006291999999996634,
                                                    "count": 1,
                                                    "is_parallel": true,
                                                    "self": 0.00015490000000006887,
                                                    "children": {
                                                        "_process_rank_one_or_two_observation": {
                                                            "total": 0.0004742999999995945,
                                                            "count": 4,
                                                            "is_parallel": true,
                                                            "self": 0.0004742999999995945
                                                        }
                                                    }
                                                },
                                                "UnityEnvironment.step": {
                                                    "total": 2.5497598999999838,
                                                    "count": 264,
                                                    "is_parallel": true,
                                                    "self": 0.06466310000002018,
                                                    "children": {
                                                        "UnityEnvironment._generate_step_input": {
                                                            "total": 0.0892275999999903,
                                                            "count": 264,
                                                            "is_parallel": true,
                                                            "self": 0.0892275999999903
                                                        },
                                                        "communicator.exchange": {
                                                            "total": 2.273172899999972,
                                                            "count": 264,
                                                            "is_parallel": true,