{
    "name": "root",
    "gauges": {
        "MoveToGoal.Policy.Entropy.mean": {
            "value": -0.8694458603858948,
            "min": -0.8704296350479126,
            "max": 1.3827484846115112,
            "count": 100
        },
        "MoveToGoal.Policy.Entropy.sum": {
            "value": -43481.85546875,
            "min": -43548.46484375,
            "max": 70186.9296875,
            "count": 100
        },
        "MoveToGoal.Environment.EpisodeLength.mean": {
            "value": 144.00892857142858,
            "min": 144.00892857142858,
            "max": 638.3544303797469,
            "count": 100
        },
        "MoveToGoal.Environment.EpisodeLength.sum": {
            "value": 48387.0,
            "min": 42584.0,
            "max": 56134.0,
            "count": 100
        },
        "MoveToGoal.Step.mean": {
            "value": 4999992.0,
            "min": 49952.0,
            "max": 4999992.0,
            "count": 100
        },
        "MoveToGoal.Step.sum": {
            "value": 4999992.0,
            "min": 49952.0,
            "max": 4999992.0,
            "count": 100
        },
        "MoveToGoal.Policy.ExtrinsicValueEstimate.mean": {
            "value": 5.059469223022461,
            "min": 0.4915418028831482,
            "max": 5.1770243644714355,
            "count": 100
        },
        "MoveToGoal.Policy.ExtrinsicValueEstimate.sum": {
            "value": 4846.9716796875,
            "min": 401.0981140136719,
            "max": 4985.474609375,
            "count": 100
        },
        "MoveToGoal.Environment.CumulativeReward.mean": {
            "value": 10.0,
            "min": 2.825174825174825,
            "max": 10.0,
            "count": 100
        },
        "MoveToGoal.Environment.CumulativeReward.sum": {
            "value": 3360.0,
            "min": 282.0,
            "max": 3540.0,
            "count": 100
        },
        "MoveToGoal.Policy.ExtrinsicReward.mean": {
            "value": 10.0,
            "min": 2.825174825174825,
            "max": 10.0,
            "count": 100
        },
        "MoveToGoal.Policy.ExtrinsicReward.sum": {
            "value": 3360.0,
            "min": 282.0,
            "max": 3540.0,
            "count": 100
        },
        "MoveToGoal.Losses.PolicyLoss.mean": {
            "value": 0.2413048438741392,
            "min": 0.24086497591516093,
            "max": 0.24886256963419937,
            "count": 100
        },
        "MoveToGoal.Losses.PolicyLoss.sum": {
            "value": 85.90452441919355,
            "min": 57.354345092663515,
            "max": 91.68508972012808,
            "count": 100
        },
        "MoveToGoal.Losses.ValueLoss.mean": {
            "value": 0.09590461052395723,
            "min": 0.004125378424071265,
            "max": 0.44570777517264454,
            "count": 100
        },
        "MoveToGoal.Losses.ValueLoss.sum": {
            "value": 34.14204134652877,
            "min": 1.4438824484249428,
            "max": 104.29561939039883,
            "count": 100
        },
        "MoveToGoal.Policy.LearningRate.mean": {
            "value": 1.4854787183567412e-06,
            "min": 1.4854787183567412e-06,
            "max": 0.0002980985911466237,
            "count": 100
        },
        "MoveToGoal.Policy.LearningRate.sum": {
            "value": 0.0005288304237349999,
            "min": 0.0005288304237349999,
            "max": 0.10726881876372726,
            "count": 100
        },
        "MoveToGoal.Policy.Epsilon.mean": {
            "value": 0.10049512640449439,
            "min": 0.10049512640449439,
            "max": 0.1993661968376068,
            "count": 100
        },
        "MoveToGoal.Policy.Epsilon.sum": {
            "value": 35.776265,
            "min": 35.776265,
            "max": 72.05627274,
            "count": 100
        },
        "MoveToGoal.Policy.Beta.mean": {
            "value": 0.0005000000000000001,
            "min": 0.0005000000000000001,
            "max": 0.0005000000000000002,
            "count": 100
        },
        "MoveToGoal.Policy.Beta.sum": {
            "value": 0.17800000000000005,
            "min": 0.11700000000000005,
            "max": 0.18600000000000005,
            "count": 100
        },
        "MoveToGoal.IsTraining.mean": {
            "value": 1.0,
            "min": 1.0,
            "max": 1.0,
            "count": 100
        },
        "MoveToGoal.IsTraining.sum": {
            "value": 1.0,
            "min": 1.0,
            "max": 1.0,
            "count": 100
        }
    },
    "metadata": {
        "timer_format_version": "0.1.0",
        "start_time_seconds": "1668182598",
        "python_version": "3.8.10 (tags/v3.8.10:3d8993a, May  3 2021, 11:48:03) [MSC v.1928 64 bit (AMD64)]",
        "command_line_arguments": "C:\\Unity\\AI_Parking\\AI-Parking-Unity\\Parking Environment\\venv\\Scripts\\mlagents-learn moveToGoal.yaml --run-id=BrainID --force",
        "mlagents_version": "0.28.0",
        "mlagents_envs_version": "0.28.0",
        "communication_protocol_version": "1.5.0",
        "pytorch_version": "1.7.1+cpu",
        "numpy_version": "1.23.4",
        "end_time_seconds": "1668191254"
    },
    "total": 8655.204474499998,
    "count": 1,
    "self": 0.05117699999755132,
    "children": {
        "run_training.setup": {
            "total": 0.16173769999999998,
            "count": 1,
            "self": 0.16173769999999998
        },
        "TrainerController.start_learning": {
            "total": 8654.9915598,
            "count": 1,
            "self": 4.438502700400932,
            "children": {
                "TrainerController._reset_env": {
                    "total": 10.648983399999999,
                    "count": 1,
                    "self": 10.648983399999999
                },
                "TrainerController.advance": {
                    "total": 8639.8531568996,
                    "count": 209165,
                    "self": 3.9486819997000566,
                    "children": {
                        "env_step": {
                            "total": 2811.263192499923,
                            "count": 209165,
                            "self": 2655.3272220996473,
                            "children": {
                                "SubprocessEnvManager._take_step": {
                                    "total": 153.5165932000581,
                                    "count": 209165,
                                    "self": 12.485380199990402,
                                    "children": {
                                        "TorchPolicy.evaluate": {
                                            "total": 141.0312130000677,
                                            "count": 209165,
                                            "self": 27.70474020009712,
                                            "children": {
                                                "TorchPolicy.sample_actions": {
                                                    "total": 113.32647279997059,
                                                    "count": 209165,
                                                    "self": 113.32647279997059
                                                }
                                            }
                                        }
                                    }
                                },
                                "workers": {
                                    "total": 2.4193772002179,
                                    "count": 209165,
                                    "self": 0.0,
                                    "children": {
                                        "worker_root": {
                                            "total": 8639.041930499881,
                                            "count": 209165,
                                            "is_parallel": true,