{
    "name": "root",
    "metadata": {
        "timer_format_version": "0.1.0",
        "start_time_seconds": "1668606672",
        "python_version": "3.8.10 (tags/v3.8.10:3d8993a, May  3 2021, 11:48:03) [MSC v.1928 64 bit (AMD64)]",
        "command_line_arguments": "C:\\Unity\\AI_Parking\\AI-Parking-Unity\\Parking Environment\\venv\\Scripts\\mlagents-learn parking_params.yaml --run-id=Brain10 --force",
        "mlagents_version": "0.28.0",
        "mlagents_envs_version": "0.28.0",
        "communication_protocol_version": "1.5.0",
        "pytorch_version": "1.7.1+cpu",
        "numpy_version": "1.23.4",
        "end_time_seconds": "1668613027"
    },
    "total": 6355.5077495,
    "count": 1,
    "self": 0.029145800000151212,
    "children": {
        "run_training.setup": {
            "total": 0.09726980000000007,
            "count": 1,
            "self": 0.09726980000000007
        },
        "TrainerController.start_learning": {
            "total": 6355.3813339,
            "count": 1,
            "self": 8.725800900202557,
            "children": {
                "TrainerController._reset_env": {
                    "total": 8.5391502,
                    "count": 1,
                    "self": 8.5391502
                },
                "TrainerController.advance": {
                    "total": 6337.571823999797,
                    "count": 306701,
                    "self": 4.306751499790153,
                    "children": {
                        "env_step": {
                            "total": 6333.265072500007,
                            "count": 306701,
                            "self": 5177.720788000049,
                            "children": {
                                "SubprocessEnvManager._take_step": {
                                    "total": 1151.2017754998428,
                                    "count": 306701,
                                    "self": 25.42622749966995,
                                    "children": {
                                        "TorchPolicy.evaluate": {
                                            "total": 1125.7755480001729,
                                            "count": 306701,
                                            "self": 300.58082879981976,
                                            "children": {
                                                "TorchPolicy.sample_actions": {
                                                    "total": 825.1947192003531,
                                                    "count": 306701,
                                                    "self": 825.1947192003531
                                                }
                                            }
                                        }
                                    }
                                },
                                "workers": {
                                    "total": 4.342509000115074,
                                    "count": 306700,
                                    "self": 0.0,
                                    "children": {
                                        "worker_root": {
                                            "total": 6270.344197999753,
                                            "count": 306700,
                                            "is_parallel": true,
                                            "self": 2781.1160954997586,
                                            "children": {
                                                "steps_from_proto": {
                                                    "total": 0.0004065000000004204,
                                                    "count": 1,
                                                    "is_parallel": true,
                                                    "self": 0.00011350000000120986,
                                                    "children": {
                                                        "_process_rank_one_or_two_observation": {
                                                            "total": 0.00029299999999921056,
                                                            "count": 4,
                                                            "is_parallel": true,
                                                            "self": 0.00029299999999921056
                                                        }
                                                    }
                                                },
                                                "UnityEnvironment.step": {
                                                    "total": 3489.227695999995,
                                                    "count": 306700,
                                                    "is_parallel": true,
                                                    "self": 78.01480590046367,
                                                    "children": {
                                                        "UnityEnvironment._generate_step_input": {
                                                            "total": 112.99053109979329,
                                                            "count": 306700,
                                                            "is_parallel": true,
                                                            "self": 112.99053109979329
                                                        },
                                                        "communicator.exchange": {
                                                            "total": 3142.0452002997854,
                                                            "count": 306700,
                                                            "is_parallel": true,
                                                            "self": 3142.0452002997854
                                                        },
                                                        "steps_from_proto": {
                                                            "total": 156.17715869995243,
                                                            "count": 306700,
                                                            "is_parallel": true,
                                                            "self": 39.716485500032306,
                                                            "children": {
                                                                "_process_rank_one_or_two_observation": {
                                                                    "total": 116.46067319992012,
                                                                    "count": 1226800,
                                                                    "is_parallel": true,
                                                                    "self": 116.46067319992012
                                                                }
                                                            }
                                                        }
                                                    }
                                                }
                                            }
                                        }
                                    }
                                }
                            }
                        }
                    }
                },
                "TrainerController._save_models": {
                    "total": 0.5445588000002317,
                    "count": 1,
                    "self": 0.09125750000021071,
                    "children": {
                        "RLTrainer._checkpoint": {
                            "total": 0.453301300000021,
                            "count": 1,
                            "self": 0.453301300000021
                        }
                    }
                }
            }
        }
    }
}